Institute,URL
01 Faculty of Theology,DCD5A442BD48E17DE0405C82790C4DE2
Department of Old Catholic Theology ,DCD5A442BB0BE17DE0405C82790C4DE2
Department of Protestant Theology ,DCD5A442BA88E17DE0405C82790C4DE2
Institute of Biblical Studies ,DCD5A442BA89E17DE0405C82790C4DE2
Languages ,DCD5A442BFB7E17DE0405C82790C4DE2
New Testament ,DCD5A442BB02E17DE0405C82790C4DE2
Old Testament ,DCD5A442BB01E17DE0405C82790C4DE2
Institute of Church History ,DCD5A442BB03E17DE0405C82790C4DE2
Early Church History and the History of Dogma ,DCD5A442C2B6E17DE0405C82790C4DE2
Newer Church History ,DCD5A442BB04E17DE0405C82790C4DE2
Institute of Jewish Studies ,DCD5A442BF92E17DE0405C82790C4DE2
Institute of Practical Theology ,DCD5A442BB07E17DE0405C82790C4DE2
Empirical Religious Research and Theory of Inter-religious Communication ,DCD5A442BB0AE17DE0405C82790C4DE2
Homiletics ,DCD5A442BB08E17DE0405C82790C4DE2
"Pastoral Care, Psychology of Religion and Religious Education ",DCD5A442BB09E17DE0405C82790C4DE2
Institute of Systematic Theology ,DCD5A442BB05E17DE0405C82790C4DE2
Dogmatics and the History of Philosophy ,DCD5A442BF93E17DE0405C82790C4DE2
Ethics ,DCD5A442BB06E17DE0405C82790C4DE2
Institute of Empirical Religious Research,5F20A2666216592AE053960C5C825E84
Institute of Historical Theology,5F20A266621A592AE053960C5C825E84
Ancient History of Christianity and Interreligious Encounters,5F20A2666226592AE053960C5C825E84
Modern History of Christianity and Denominational Studies,5F20A2666227592AE053960C5C825E84
Institute of Jewish Studies,5F20A266621B592AE053960C5C825E84
Institute of New Testatment Studies,5F20A266621C592AE053960C5C825E84
Literature and Theology of the New Testament,5F20A2666224592AE053960C5C825E84
New Testament and Ancient History of Religion,5F20A2666223592AE053960C5C825E84
Institute of Old Catholic Theology,5F20A2666213592AE053960C5C825E84
"Church History and Historical Theology, Liturgical Studies",5F20A2666214592AE053960C5C825E84
"Systematic Theology, Ecumenical Theology, Practical Theology",5F20A2666215592AE053960C5C825E84
Institute of Old Testament Studies,5F20A266621D592AE053960C5C825E84
Institute of Old Testament Studies - Old Testament and Ancient Near Eastern Cultures,5F20A2666221592AE053960C5C825E84
Literature and Theology of the Old Testament,5F20A2666222592AE053960C5C825E84
Literature and Theology of the Old Testament,5F20A2666222592AE053960C5C825E84
Institute of Practical Theology,5F20A2666218592AE053960C5C825E84
"Homiletics, Liturgics and Ecclesiology",5F20A266622C592AE053960C5C825E84
"Pastoral Care, Psychology of Religion and Religious Education",5F20A266622B592AE053960C5C825E84
Institute of Systematic Theology,5F20A2666219592AE053960C5C825E84
Dogmatics and Philosophy of Religion,5F20A2666228592AE053960C5C825E84
Theological Ethics and Diaconia,5F20A266622A592AE053960C5C825E84
Other Institutions,DCD5A442BB0DE17DE0405C82790C4DE2
"Emeriti, Faculty of Theology",DCD5A442C41CE17DE0405C82790C4DE2
"Office of the Dean, Faculty of Theology",DCD5A442BEC1E17DE0405C82790C4DE2
"Teaching Staff, Faculty of Theology",DCD5A442BB4AE17DE0405C82790C4DE2
Suprainstitutional Bodies,5F20A266621E592AE053960C5C825E84
Koordinationsstelle für praktikumbezogene theologische Ausbildung (KOPTA),5F20A2666220592AE053960C5C825E84
Languages,5F20A266621F592AE053960C5C825E84
02 Faculty of Law,DCD5A442BD4AE17DE0405C82790C4DE2
Department of Economic Law,DCD5A442BB54E17DE0405C82790C4DE2
Institute of Economic Law,DCD5A442BF96E17DE0405C82790C4DE2
Institute of European and International Economic Law,DCD5A442C57FE17DE0405C82790C4DE2
Institute of Tax Law,DCD5A442BB56E17DE0405C82790C4DE2
NCCR International Trade Regulation,DCD5A442BF97E17DE0405C82790C4DE2
World Trade Institute,DCD5A442BB57E17DE0405C82790C4DE2
Department of Legal Theory and History of Law,DCD5A442BFD6E17DE0405C82790C4DE2
Institute for the History of Law,DCD5A442BACAE17DE0405C82790C4DE2
Institute of Roman Law,DCD5A442C2B7E17DE0405C82790C4DE2
Legal and Political Theory,DCD5A442BFD7E17DE0405C82790C4DE2
Rechtssoziologie,0599E71045D64AB3B6AB3AB12AC53E9C
Department of Penal Law,DCD5A442BAC5E17DE0405C82790C4DE2
Institute for Penal Law and Criminology,DCD5A442BAC6E17DE0405C82790C4DE2
Chair Prof. Hilf,3D29C3DAB03344FCA0A78C752E01CF94
Chair Prof. Mona,CF3017B9B6FB45E8B9A9C3148F5B94AA
Chair Prof. Vest,DCD5A442BAC7E17DE0405C82790C4DE2
Chair Prof. Weber,636A9893893B49F8A04C08E29774A183
Doctoral Degree Program Criminal Law,DCD5A442C6A0E17DE0405C82790C4DE2
Department of Private Law,DCD5A442BB50E17DE0405C82790C4DE2
Institut für Haftpflicht- und Versicherungsrecht,DCD5EF06CD589DBBE0405C82790C784E
Institute for Civil Law,DCD5A442BF95E17DE0405C82790C4DE2
Institute for Swiss and International Civil Procedure and Private International Law,DCD5A442BB53E17DE0405C82790C4DE2
Institute of Banking Law,DCD5A442BB52E17DE0405C82790C4DE2
Institute of Notarial Law and Notarial Practice,DCD5EF06CD599DBBE0405C82790C784E
Department of Public Law,DCD5A442BB58E17DE0405C82790C4DE2
Institute of Public Law,DCD5A442BAC2E17DE0405C82790C4DE2
Management im Gesundheitswesen (MIG),DCD5A442BAC3E17DE0405C82790C4DE2
Other Institutions,DCD5A442BACBE17DE0405C82790C4DE2
"Office of the Dean, Faculty of Law",DCD5A442BACCE17DE0405C82790C4DE2
"Teaching Staff, Faculty of Law",DCD5A442C580E17DE0405C82790C4DE2
"03 Faculty of Business, Economics and Social Sciences",DCD5A442BF06E17DE0405C82790C4DE2
Department of Business Management,DCD5A442BCC2E17DE0405C82790C4DE2
Institute of Financial Management,DCD5A442BB9DE17DE0405C82790C4DE2
Professorship for Quantitative Methods in Business Administration,DCD5A442C3F2E17DE0405C82790C4DE2
Institute of Information Systems,DCD5A442BB9CE17DE0405C82790C4DE2
Information Engineering,DCD5A442C4BFE17DE0405C82790C4DE2
Information Management,DCD5A442BFBAE17DE0405C82790C4DE2
Research Center for Digital Sustainability,420A5E310A207317E053960C5C82E930
Institute of Innovation Management,DCD5A442BB9FE17DE0405C82790C4DE2
Consumer Behavior,DCD5A442BF6CE17DE0405C82790C4DE2
Management,DCD5A442BBA1E17DE0405C82790C4DE2
Marketing,DCD5A442BBA0E17DE0405C82790C4DE2
Institute of Organization and Human Resource Management,DCD5A442C4C0E17DE0405C82790C4DE2
Human Resource Management,DCD5A442BFBBE17DE0405C82790C4DE2
Organisation,DCD5A442BF9FE17DE0405C82790C4DE2
Institute for Accounting and Controlling,DCD5A442C5AFE17DE0405C82790C4DE2
Financial Accounting,DCD5A442C05EE17DE0405C82790C4DE2
Managerial Accounting,DCD5A442BB9EE17DE0405C82790C4DE2
Department of Economics,DCD5A442BCC3E17DE0405C82790C4DE2
Institute of Economics,DCD5A442C17DE17DE0405C82790C4DE2
Econometrics,DCD5A442C02DE17DE0405C82790C4DE2
Economic Policy and Regional Economics,DCD5A442C06FE17DE0405C82790C4DE2
Economic Theory,DCD5A442C48CE17DE0405C82790C4DE2
Macro and National Economics,DCD5A442C06EE17DE0405C82790C4DE2
Macroeconomics,DCD5A442C48EE17DE0405C82790C4DE2
Microeconomics,DCD5A442C02CE17DE0405C82790C4DE2
Public Economics,DCD5A442C48DE17DE0405C82790C4DE2
Other Institutions,DCD5A442C070E17DE0405C82790C4DE2
"Emeriti, Faculty of Business, Economics and Social Sciences",DCD5A442C41EE17DE0405C82790C4DE2
"Office of the Dean, Faculty of Business, Economics and Social Sciences",DCD5A442C071E17DE0405C82790C4DE2
"Teaching Staff, Faculty of Business, Economics and Social Sciences",DCD5A442C02EE17DE0405C82790C4DE2
Social Sciences,DCD5A442BCC0E17DE0405C82790C4DE2
Institute of Political Science,DCD5A442BB98E17DE0405C82790C4DE2
Institute of Sociology,DCD5A442BB99E17DE0405C82790C4DE2
Institute of Communication and Media Studies (ICMB),DCD5A442BFA3E17DE0405C82790C4DE2
04 Faculty of Medicine,DCD5A442BC39E17DE0405C82790C4DE2
Department of Cardiovascular Disorders (DHGE),DCD5A442BC41E17DE0405C82790C4DE2
Clinic of Angiology,DCD5A442C44DE17DE0405C82790C4DE2
Clinic of Cardiology,DCD5A442BB15E17DE0405C82790C4DE2
Clinic of Cardiovascular Surgery,DCD5A442BADFE17DE0405C82790C4DE2
"Department of Dermatology, Urology, Rheumatology, Nephrology, Osteoporosis (DURN)",DCD5A442BF7DE17DE0405C82790C4DE2
Clinic of Dermatology,DCD5A442BAD9E17DE0405C82790C4DE2
Clinic of Nephrology and Hypertension,DCD5A442BB17E17DE0405C82790C4DE2
"Clinic of Rheumatology, Clinical Immunology and Allergology",DCD5A442BAD8E17DE0405C82790C4DE2
Allergology ,DCD5A442BE24E17DE0405C82790C4DE2
Rheumatology ,DCD5A442BE23E17DE0405C82790C4DE2
Clinic of Urology,DCD5A442C238E17DE0405C82790C4DE2
"Department of Gastro-intestinal, Liver and Lung Disorders (DMLL)",DCD5A442BC7EE17DE0405C82790C4DE2
Clinic of Pneumology,DCD5A442BB14E17DE0405C82790C4DE2
Clinic of Thoracic Surgery,DCD5A442BAD7E17DE0405C82790C4DE2
Clinic of Visceral Surgery and Medicine,DCD5A442C1F6E17DE0405C82790C4DE2
Gastroenterology,DCD5A442BB16E17DE0405C82790C4DE2
Hepatology,DCD5A442BBC5E17DE0405C82790C4DE2
Visceral Surgery,DCD5A442C059E17DE0405C82790C4DE2
Department of General Internal Medicine (DAIM),DCD5A442C410E17DE0405C82790C4DE2
Clinic of General Internal Medicine,DCD5A442C058E17DE0405C82790C4DE2
Centre of Competence for General Internal Medicine,DCD5A442C17EE17DE0405C82790C4DE2
Medical Department Anna Seiler-House,DCD5A442BF39E17DE0405C82790C4DE2
Geriatric Clinic,DCD5A442BD1CE17DE0405C82790C4DE2
Geriatric Clinic Inselspital,DCD5A442BA4DE17DE0405C82790C4DE2
"Department of Gynaecology, Paediatrics and Endocrinology (DFKE)",DCD5A442BC40E17DE0405C82790C4DE2
"Clinic of Endocrinology, Diabetology and Clinical Nutrition",DCD5A442C012E17DE0405C82790C4DE2
Clinic of Gynaecology,DCD5A442C056E17DE0405C82790C4DE2
Clinic of Paediatric Medicine,DCD5A442BADAE17DE0405C82790C4DE2
Child Psychiatry,DCD5A442BB27E17DE0405C82790C4DE2
Endocrinology/Metabolic Disorders,DCD5A442C248E17DE0405C82790C4DE2
Neonatology,DCD5A442BB21E17DE0405C82790C4DE2
Neuropaediatrics,DCD5A442BB6FE17DE0405C82790C4DE2
Paediatric Cardiology,DCD5A442BD75E17DE0405C82790C4DE2
Paediatric Gastroenterology,DCD5A442BB23E17DE0405C82790C4DE2
Paediatric Haematology/Oncology,DCD5A442BB22E17DE0405C82790C4DE2
Paediatric Infectiology,DCD5A442BB24E17DE0405C82790C4DE2
Paediatric Intensive Care,DCD5A442BAEFE17DE0405C82790C4DE2
Paediatric Nephrology,DCD5A442BB25E17DE0405C82790C4DE2
Paediatric Pneumology,DCD5A442C249E17DE0405C82790C4DE2
Notfallzentrum für Kinder und Jugendliche,13E8EEE96F6219B2E053960C5C825CBD
Paediatric Rheumatology,DCD5A442BB26E17DE0405C82790C4DE2
Clinic of Paediatric Surgery,DCD5A442BADBE17DE0405C82790C4DE2
Clinic of Human Genetics,A1656D321FF54C0CB48BA1262FBD5A0D
"Department of Haematology, Oncology, Infectious Diseases, Laboratory Medicine and Hospital Pharmacy (DOLS)",DCD5A442BF7EE17DE0405C82790C4DE2
Clinic of Haematology and Central Haematological Laboratory,DCD5A442C055E17DE0405C82790C4DE2
Clinic of Infectiology,DCD5A442BB13E17DE0405C82790C4DE2
Clinic of Medical Oncology,DCD5A442C448E17DE0405C82790C4DE2
Clinic of Radiation Oncology,DCD5A442BAD6E17DE0405C82790C4DE2
Medical Radiation Physics,DCD5A442BAE6E17DE0405C82790C4DE2
Institute for Immunology ,DCD5A442BA48E17DE0405C82790C4DE2
Institute of Clinical Chemistry,DCD5A442BA49E17DE0405C82790C4DE2
Department of Head Organs and Neurology (DKNS),DCD5A442BC7DE17DE0405C82790C4DE2
Clinic of Craniomaxillofacial Surgery,DCD5A442C1F8E17DE0405C82790C4DE2
"Clinic of Ear, Nose and Throat Disorders (ENT)",DCD5A442BB1BE17DE0405C82790C4DE2
Clinic of Neurology,DCD5A442BAE0E17DE0405C82790C4DE2
Centre of Competence for Psychosomatic Medicine,DCD5A442B9C6E17DE0405C82790C4DE2
Clinic of Neurosurgery,DCD5A442C057E17DE0405C82790C4DE2
Clinic of Ophthalmology,DCD5A442BB12E17DE0405C82790C4DE2
"Department of Intensive Care, Emergency Medicine and Anaesthesiology (DINA)",DCD5A442C01BE17DE0405C82790C4DE2
Clinic and Policlinic for Anaesthesiology and Pain Therapy,DCD5A442BADCE17DE0405C82790C4DE2
Partial clinic Insel,318E781798EC6684E053980C5C821B39
Clinic of Intensive Care,DCD5A442BADDE17DE0405C82790C4DE2
University Emergency Center,DCD5A442BA4CE17DE0405C82790C4DE2
"Department of Orthopaedic, Plastic and Hand Surgery (DOPH)",DCD5A442C411E17DE0405C82790C4DE2
Clinic of Orthopaedic Surgery,DCD5A442BADEE17DE0405C82790C4DE2
Clinic of Osteoporosis,DCD5A442BA4BE17DE0405C82790C4DE2
Clinic of Plastic and Hand Surgery,DCD5A442C1F5E17DE0405C82790C4DE2
Hand Surgery,DCD5A442BB19E17DE0405C82790C4DE2
"Plastic, Reconstructive and Aesthetic Surgery",DCD5A442BB18E17DE0405C82790C4DE2
"Department of Radiology, Neuroradiology and Nuclear Medicine (DRNN)",DCD5A442BC7FE17DE0405C82790C4DE2
Clinic of Nuclear Medicine,DCD5A442BAD5E17DE0405C82790C4DE2
Institute of Diagnostic and Interventional Neuroradiology,DCD5A442C011E17DE0405C82790C4DE2
"Institute of Diagnostic, Interventional and Paediatric Radiology",DCD5A442BB1CE17DE0405C82790C4DE2
DCR Magnetic Resonance Spectroscopy and Methodology (AMSM),DCD5A442BA64E17DE0405C82790C4DE2
Medical Education,DCD5A442BF7CE17DE0405C82790C4DE2
Institute for Medical Education,DCD5A442BDBAE17DE0405C82790C4DE2
Assessment and Evaluation Unit (AAE),DCD5A442BE0DE17DE0405C82790C4DE2
Curriculum Coordination & Students' Office (STPL),DCD5A442BE0CE17DE0405C82790C4DE2
Education and Media Unit (AUM),DCD5A442BE0BE17DE0405C82790C4DE2
Berner interdisziplinäres Skills- und Simulationspersonenzentrum (BiSS),499F58C17BEE4CA39C8F3924F8A6AD88
Master of Medical Education (MME),DCD5A442BF34E17DE0405C82790C4DE2
Institute of General Practice and Primary Care (BIHAM),DCD5A442BDB9E17DE0405C82790C4DE2
Institute of Complementary and Integrative Medicine (IKIM),DCD5A442BEF6E17DE0405C82790C4DE2
"Institute of Complementary and Integrative Medicine, Anthroposophically Extended Medicine (AeM)",1726438C38DB54F4E053960C5C825DC4
Pre-clinic Human Medicine,DCD5A442BD79E17DE0405C82790C4DE2
Institute for Evaluative Research into Orthopaedic Surgery,DCD5A442BCD6E17DE0405C82790C4DE2
Institute for the History of Medicine,DCD5A442BCDAE17DE0405C82790C4DE2
Institute of Anatomy,DCD5A442BCD7E17DE0405C82790C4DE2
Anatomy,DCD5A442BAAAE17DE0405C82790C4DE2
Cell Biology,DCD5A442BD6DE17DE0405C82790C4DE2
Functional Anatomy,DCD5A442BD6AE17DE0405C82790C4DE2
Topographical and Clinical Anatomy,DCD5A442BD6CE17DE0405C82790C4DE2
Institute of Biochemistry and Molecular Medicine,DCD5A442BCD9E17DE0405C82790C4DE2
Institute of Pharmacology,DCD5A442BD11E17DE0405C82790C4DE2
Institute of Physiology,DCD5A442BCD8E17DE0405C82790C4DE2
Theodor Kocher Institute,DCD5A442BF88E17DE0405C82790C4DE2
BioMedical Research (DBMR),DCD5A442BD18E17DE0405C82790C4DE2
DBMR Forschung Mu35,DCD5A442BE52E17DE0405C82790C4DE2
Center of Regenerative Medicine for Skeletal Tissues ,DCD5A442C48AE17DE0405C82790C4DE2
Dental-/Skelett-Biologie Direktion,DCD5A442BAA6E17DE0405C82790C4DE2
Forschungsgruppe Anästhesiologie,DCD5A442C4C3E17DE0405C82790C4DE2
Forschungsgruppe Endometriose und gynäkologische Onkologie,DCD5A442C067E17DE0405C82790C4DE2
Forschungsgruppe Gastroenterologie / Mukosale Immunologie,DCD5A442BE55E17DE0405C82790C4DE2
Forschungsgruppe Hepatologie,DCD5A442C6DFE17DE0405C82790C4DE2
Forschungsgruppe Herz- und Gefässchirurgie,DCD5A442BE56E17DE0405C82790C4DE2
Forschungsgruppe Hämatologie / Onkologie (Pädiatrie),DCD5A442C607E17DE0405C82790C4DE2
Forschungsgruppe Ionenkanalkrankheiten,DCD5A442C30EE17DE0405C82790C4DE2
Forschungsgruppe Kardiologie,DCD5A442C26DE17DE0405C82790C4DE2
Forschungsgruppe Knochenbiologie & Orthopädische Forschung,DCD5A442BC44E17DE0405C82790C4DE2
Forschungsgruppe Med. Onkologie / Hämatologie (Erw.),DCD5A442BE58E17DE0405C82790C4DE2
Forschungsgruppe Orthopädische Chirurgie,DCD5A442BE90E17DE0405C82790C4DE2
Forschungsgruppe Osteoporose,00FD3B26613B3B12E053960C5C8293C7
"Forschungsgruppe Phytopharmakologie, Bioanalytik & Pharmakokinetik ",DCD5A442C4F9E17DE0405C82790C4DE2
Forschungsgruppe Präzisionsonkologie,4E745CF42DBF6EC0E053960C5C82F4E9
Forschungsgruppe Radio-Onkologie,DCD5A442BE74E17DE0405C82790C4DE2
Forschungsgruppe Radiologie,E79B952D449154FEE0405C82960C5764
Forschungsgruppe Rheumatologie,DCD5A442C1C9E17DE0405C82790C4DE2
"Forschungsgruppe Schädel-, Kiefer- und Gesichtschirurgie",DCD5A442C54DE17DE0405C82790C4DE2
Forschungsgruppe Tumor-Immunologie,DCD5A442C3DBE17DE0405C82790C4DE2
Forschungsgruppe Urologie,DCD5A442BE73E17DE0405C82790C4DE2
Forschungsgruppe Viszeralchirurgie,DCD5A442BC42E17DE0405C82790C4DE2
DBMR Forschung Mu35,DCD5A442BE52E17DE0405C82790C4DE2
Center of Regenerative Medicine for Skeletal Tissues ,DCD5A442C48AE17DE0405C82790C4DE2
Dental-/Skelett-Biologie Direktion,DCD5A442BAA6E17DE0405C82790C4DE2
Forschungsgruppe Anästhesiologie,DCD5A442C4C3E17DE0405C82790C4DE2
Forschungsgruppe Endometriose und gynäkologische Onkologie,DCD5A442C067E17DE0405C82790C4DE2
Forschungsgruppe Gastroenterologie / Mukosale Immunologie,DCD5A442BE55E17DE0405C82790C4DE2
Forschungsgruppe Hepatologie,DCD5A442C6DFE17DE0405C82790C4DE2
Forschungsgruppe Herz- und Gefässchirurgie,DCD5A442BE56E17DE0405C82790C4DE2
Forschungsgruppe Hämatologie / Onkologie (Pädiatrie),DCD5A442C607E17DE0405C82790C4DE2
Forschungsgruppe Ionenkanalkrankheiten,DCD5A442C30EE17DE0405C82790C4DE2
Forschungsgruppe Kardiologie,DCD5A442C26DE17DE0405C82790C4DE2
Forschungsgruppe Knochenbiologie & Orthopädische Forschung,DCD5A442BC44E17DE0405C82790C4DE2
Forschungsgruppe Med. Onkologie / Hämatologie (Erw.),DCD5A442BE58E17DE0405C82790C4DE2
Forschungsgruppe Orthopädische Chirurgie,DCD5A442BE90E17DE0405C82790C4DE2
Forschungsgruppe Osteoporose,00FD3B26613B3B12E053960C5C8293C7
"Forschungsgruppe Phytopharmakologie, Bioanalytik & Pharmakokinetik ",DCD5A442C4F9E17DE0405C82790C4DE2
Forschungsgruppe Präzisionsonkologie,4E745CF42DBF6EC0E053960C5C82F4E9
Forschungsgruppe Radio-Onkologie,DCD5A442BE74E17DE0405C82790C4DE2
Forschungsgruppe Radiologie,E79B952D449154FEE0405C82960C5764
Forschungsgruppe Rheumatologie,DCD5A442C1C9E17DE0405C82790C4DE2
"Forschungsgruppe Schädel-, Kiefer- und Gesichtschirurgie",DCD5A442C54DE17DE0405C82790C4DE2
Forschungsgruppe Tumor-Immunologie,DCD5A442C3DBE17DE0405C82790C4DE2
Forschungsgruppe Urologie,DCD5A442BE73E17DE0405C82790C4DE2
Forschungsgruppe Viszeralchirurgie,DCD5A442BC42E17DE0405C82790C4DE2
DCR Services,DCD5A442BE54E17DE0405C82790C4DE2
CMF,DCD5A442C4D4E17DE0405C82790C4DE2
Central Animal Facility,DCD5A442BA65E17DE0405C82790C4DE2
Core Facility Live Cell Imaging (LCI),DCD5A442C74DE17DE0405C82790C4DE2
Core Facility Massenspektrometrie- und Proteomics-Labor,DCD5A442C4C2E17DE0405C82790C4DE2
Core Facility Zytometrie-Labor/FACSlab,DCD5A442C270E17DE0405C82790C4DE2
ESI,DCD5A442BA63E17DE0405C82790C4DE2
Genomics,DCD5A442C742E17DE0405C82790C4DE2
DCR Unit Sahli Building,DCD5A442BF0BE17DE0405C82790C4DE2
Forschungsgruppe Geriatrie/Altersmedizin,DCD5A442C318E17DE0405C82790C4DE2
Forschungsgruppe Neurologie,DCD5A442C22EE17DE0405C82790C4DE2
DCR Unit Tiefenau Hospital ,DCD5A442C4FAE17DE0405C82790C4DE2
Forschungsgruppe Biologie und Karzinogenese der Brustdrüse ,DCD5A442BAA5E17DE0405C82790C4DE2
Forschungsgruppe Hämatologie/Onkologie (Pädiatrie) ,DCD5A442C2F5E17DE0405C82790C4DE2
Forschungsgruppe Vasoaktive Peptide ,DCD5A442C4FDE17DE0405C82790C4DE2
Forschungsbereich Augenklinik,DCD5A442C271E17DE0405C82790C4DE2
Forschungsgruppe Augenheilkunde,DCD5A442C4CAE17DE0405C82790C4DE2
Forschungsbereich Mu50,DCD5A442C5F4E17DE0405C82790C4DE2
Forschungsgruppe Angiologie,DCD5A442C2B2E17DE0405C82790C4DE2
Forschungsgruppe Handchirurgie,DCD5A442C39CE17DE0405C82790C4DE2
Forschungsgruppe Herz und Gefässe,DCD5A442C26FE17DE0405C82790C4DE2
Forschungsgruppe Neurochirurgie,DCD5A442C4C7E17DE0405C82790C4DE2
Forschungsgruppe Plastische Chirurgie,DCD5A442C54CE17DE0405C82790C4DE2
Forschungsgruppe Pneumologie (Erwachsene),DCD5A442C26EE17DE0405C82790C4DE2
Forschungsgruppe Pneumologie (Pädiatrie),DCD5A442C406E17DE0405C82790C4DE2
Forschungsgruppe Psychosomatik,DCD5A442C2D0E17DE0405C82790C4DE2
Forschungsgruppe Thoraxchirurgie,DCD5A442BE57E17DE0405C82790C4DE2
Forschungsbereich Pathologie,DCD5A442BED3E17DE0405C82790C4DE2
Forschungsgruppe Dermatologie,DCD5A442C465E17DE0405C82790C4DE2
Forschungsgruppe Innere Medizin ,DCD5A442C22DE17DE0405C82790C4DE2
Forschungsgruppe Molekularbiologie,DCD5A442BC43E17DE0405C82790C4DE2
Forschungsbereich Pavillon 52,DCD5A442C26AE17DE0405C82790C4DE2
"Abt. Magnetresonanz-Spektroskopie und Methodologie, AMSM",DCD5A442C5B6E17DE0405C82790C4DE2
Endokrinologie / Diabetologie (Erwachsene),DCD5A442C630E17DE0405C82790C4DE2
Forschungsgruppe Audiologie,DCD5A442C26BE17DE0405C82790C4DE2
Forschungsgruppe Experimentelle Hämostase,F4794E6065436DBAE0405C82960C1CBE
Forschungsgruppe Intensivmedizin,DCD5A442C26CE17DE0405C82790C4DE2
Forschungsgruppe Klinische Radiopharmazie,DCD5A442C66FE17DE0405C82790C4DE2
Forschungsgruppe Klinische Radiopharmazie,DCD5A442C66FE17DE0405C82790C4DE2
Forschungsgruppe Perzeption und Okulomotorik,DCD5A442C069E17DE0405C82790C4DE2
Unit Childrens Hospital,DCD5A442C209E17DE0405C82790C4DE2
Forschungsgruppe Endokrinologie / Diabetologie / Metabolik (Pädiatrie),DCD5A442C266E17DE0405C82790C4DE2
Forschungsgruppe Endokrinologie der Brust,DCD5A442C2CEE17DE0405C82790C4DE2
Forschungsgruppe Endometrium & Ovar,DCD5A442C2D1E17DE0405C82790C4DE2
Forschungsgruppe Humangenetik,DCD5A442C267E17DE0405C82790C4DE2
Forschungsgruppe Hämatologie (Erwachsene),DCD5A442C2CBE17DE0405C82790C4DE2
Forschungsgruppe Hämatologie / Onkologie (Pädiatrie),DCD5A442C4FCE17DE0405C82790C4DE2
Forschungsgruppe Nephrologie / Hypertonie,DCD5A442C268E17DE0405C82790C4DE2
Forschungsgruppe Pneumologie (Pädiatrie),DCD5A442C068E17DE0405C82790C4DE2
Forschungsgruppe Pränatale Medizin,DCD5A442C269E17DE0405C82790C4DE2
Protein- und Zellbiologie,DCD5A442C60AE17DE0405C82790C4DE2
Research Group Pediatric Surgery,192C24A47FAA1137E053960C5C82B94B
Thromboselabor Kinderklinik ,DCD5A442BAA4E17DE0405C82790C4DE2
CTU Bern,DCD5A442BE42E17DE0405C82790C4DE2
Institute for Surgical Technology & Biomechanics ISTB ,DCD5A442BCD5E17DE0405C82790C4DE2
Institute of Social and Preventive Medicine (ISPM),DCD5A442BECFE17DE0405C82790C4DE2
School of Dental Medicine,DCD5A442BD25E17DE0405C82790C4DE2
Department of Oral Surgery and Stomatology,DCD5A442B9C0E17DE0405C82790C4DE2
Department of Orthodontics,DCD5A442C013E17DE0405C82790C4DE2
Department of Periodontology,DCD5A442B9BDE17DE0405C82790C4DE2
"Department of Preventive, Restorative and Pediatric Dentistry",DCD5A442BE8FE17DE0405C82790C4DE2
Department of Prosthodontics ,C203BD61-E6BE-40B4-847F-34BBED20C836
Division of Fixed Prosthodontics ,DCD5A442C0ABE17DE0405C82790C4DE2
Department of Reconstructive Dentistry and Gerodontology ,DCD5A442BE28E17DE0405C82790C4DE2
Department of Reconstructive Dentistry and Gerodontology,2897F63CA3F0484BE053960C5C822C63
Oral Surgery Research,DCD5A442C680E17DE0405C82790C4DE2
Orthodontic Research,DCD5A442C681E17DE0405C82790C4DE2
Periodontics Research,DCD5A442C67FE17DE0405C82790C4DE2
Research,DCD5A442BC06E17DE0405C82790C4DE2
"Restorative Dentistry, Research",DCD5A442C67DE17DE0405C82790C4DE2
Service Sector,DCD5A442BDB6E17DE0405C82790C4DE2
Institute for Infectious Diseases,DCD5A442BD12E17DE0405C82790C4DE2
Bacteriology,DCD5A442BE29E17DE0405C82790C4DE2
Clinical Microbiology,DCD5A442BDCEE17DE0405C82790C4DE2
General Bacteriology,DCD5A442BDD1E17DE0405C82790C4DE2
Infection Serology,DCD5A442BA57E17DE0405C82790C4DE2
Laboratory for Clinical Pharmacology,DCD5A442C788E17DE0405C82790C4DE2
Management,DCD5A442BBBDE17DE0405C82790C4DE2
Molecular Biology,DCD5A442BC0AE17DE0405C82790C4DE2
Mycobacteriology,DCD5A442C205E17DE0405C82790C4DE2
Parasitology,DCD5A442BA1AE17DE0405C82790C4DE2
Research,DCD5A442BA19E17DE0405C82790C4DE2
Virology,DCD5A442BDD0E17DE0405C82790C4DE2
Bacteriology (Specialist Field),DCD5A442C125E17DE0405C82790C4DE2
Clinical Infectiology ,95858d7f-526f-4f66-a63d-3f5ab2b926dc
Mycology,415866287A1040FCE053960C5C820729
Teaching,415866287A1140FCE053960C5C820729
Virologie et immunologie (Specialist Field),DCD5A442BDCFE17DE0405C82790C4DE2
Virology and Immunology,DCD5A442BC0BE17DE0405C82790C4DE2
Institute of Clinical Pharmacology and Visceral Research ,DCD5A442BD14E17DE0405C82790C4DE2
Institute of Legal Medicine,DCD5A442BD15E17DE0405C82790C4DE2
Anthropology,DCD5A442C486E17DE0405C82790C4DE2
Forensic Chemistry and Toxicology,DCD5A442BE04E17DE0405C82790C4DE2
Forensic Imaging,DCD5A442C3DCE17DE0405C82790C4DE2
Forensic Medicine,DCD5A442BDC7E17DE0405C82790C4DE2
Forensic Molecular Biology,DCD5A442BF32E17DE0405C82790C4DE2
Forensic Physics (Ballistics),DCD5A442C43FE17DE0405C82790C4DE2
Forensic Psychiatric Services,DCD5A442BF33E17DE0405C82790C4DE2
Management,DCD5A442BF9DE17DE0405C82790C4DE2
Medical Law,DCD5A442C0ACE17DE0405C82790C4DE2
"Traffic Medicine, Psychiatry and Psychology",DCD5A442C424E17DE0405C82790C4DE2
Institute of Pathology,DCD5A442BF89E17DE0405C82790C4DE2
Autopsy,DCD5A442BC12E17DE0405C82790C4DE2
Clinical Pathology,DCD5A442BE2AE17DE0405C82790C4DE2
Cytopathology,DCD5A442BC10E17DE0405C82790C4DE2
Immunohistochemistry,DCD5A442C0F4E17DE0405C82790C4DE2
Immunopathology,DCD5A442C252E17DE0405C82790C4DE2
Inflammatory Pathology,DCD5A442BBBFE17DE0405C82790C4DE2
Krebsregister des Kt. Bern,DCD5A442C6C5E17DE0405C82790C4DE2
Molecular Pathology,DCD5A442BBBEE17DE0405C82790C4DE2
Tumour Pathology,DCD5A442C453E17DE0405C82790C4DE2
Tissue Bank Bern,49472ba1-b82d-4b95-86a8-09ec3b164cd8
Translational Research Unit,DCD5A442C6B4E17DE0405C82790C4DE2
University Psychiatric Services,DCD5A442C783E17DE0405C82790C4DE2
Department of Nursing and Education,DCD5A442C13EE17DE0405C82790C4DE2
University Hospital of Child and Adolescent Psychiatry and Psychotherapy,DCD5A442BA50E17DE0405C82790C4DE2
Research Division,DCD5A442C5FEE17DE0405C82790C4DE2
University Hospital of Geriatric Psychiatry and Psychotherapy,DCD5A442C19EE17DE0405C82790C4DE2
University Hospital of Psychiatry and Psychotherapy,DCD5A442BD35E17DE0405C82790C4DE2
Healthcare Research,DCD5A442BE5FE17DE0405C82790C4DE2
Management,DCD5A442BE5EE17DE0405C82790C4DE2
Psychiatric Neurophysiology ,DCD5A442BAFDE17DE0405C82790C4DE2
Psychotherapy,DCD5A442C13FE17DE0405C82790C4DE2
Translational Research Center,33BF865BF1D23C90E053960C5C8246BD
UPD Murtenstrasse,DCD5A442C140E17DE0405C82790C4DE2
Faculty Institutions,DCD5A442BC3CE17DE0405C82790C4DE2
Bern Center for Precision Medicine (BCPM),FE9070E90049439CAFD7E6B2FE6653E3
Experimental Animal Center (EAC),D53A1E127A6D4E099E62ADB0194B6397
NCCR TransCure,14645BFECAAA766CE053960C5C8289FA
"Office of the Dean, Faculty of Medicine",DCD5A442C00CE17DE0405C82790C4DE2
"Office of the Dean, Medicine",DCD5A442C477E17DE0405C82790C4DE2
"Teaching Staff, Faculty of Medicine",DCD5A442BDBCE17DE0405C82790C4DE2
sitem Center for Translational Medicine and Biomedical Entrepreneurship,DBE850B67E4A25FAA5C391339CAC35C
Cardiac Technology and Implantable Devices,82d23eae48724fdabb5004620a9f4bd8
Healthcare Regulation and Management,1c8ee25dac65489a926baacda3f0f322
05 Veterinary Medicine,DCD5A442C208E17DE0405C82790C4DE2
Department of Clinical Research and Veterinary Public Health (DCR-VPH),DCD5A442C48FE17DE0405C82790C4DE2
Experimental Clinical Research,DCD5A442C05DE17DE0405C82790C4DE2
Institute of Bee Health,DCD5A442C62CE17DE0405C82790C4DE2
Institute of Genetics,DCD5A442C13CE17DE0405C82790C4DE2
Molecular Pathobiology,DCD5A442C487E17DE0405C82790C4DE2
Veterinary Anatomy,DCD5A442C0BEE17DE0405C82790C4DE2
Veterinary Pharmacology and Toxicology,DCD5A442C0BDE17DE0405C82790C4DE2
Veterinary Physiology,DCD5A442C0BCE17DE0405C82790C4DE2
Veterinary Public Health Institute,DCD5A442C05CE17DE0405C82790C4DE2
Animal Welfare Division,DCD5A442BEDEE17DE0405C82790C4DE2
Department of Clinical Veterinary Medicine (DKV),DCD5A442C030E17DE0405C82790C4DE2
Clinic for Ruminants,DCD5A442C032E17DE0405C82790C4DE2
DKV - Anaesthesiology,DCD5A442C548E17DE0405C82790C4DE2
DKV - Central Clinical Laboratory,DCD5A442C038E17DE0405C82790C4DE2
DKV - Clinical Immunology ,DCD5A442C039E17DE0405C82790C4DE2
DKV - Clinical Neurology,DCD5A442BFE1E17DE0405C82790C4DE2
DKV - Clinical Radiology,DCD5A442C037E17DE0405C82790C4DE2
DKV - Dermatology,DCD5A442C2B8E17DE0405C82790C4DE2
DVK - Clinical Research ,DCD5A442C03AE17DE0405C82790C4DE2
Small Animal Clinic,DCD5A442C049E17DE0405C82790C4DE2
"Intensive Care Unit, Small Animal Clinic",DCD5A442C421E17DE0405C82790C4DE2
"Small Animal Clinic, Internal Medicine",DCD5A442C033E17DE0405C82790C4DE2
"Small Animal Clinic, Surgery",DCD5A442C034E17DE0405C82790C4DE2
Swine Clinic,DCD5A442BFE0E17DE0405C82790C4DE2
ISME Equine Clinic Bern,B67B8C62D33C49E198B97BCA1888740C
"ISME Equine Clinic Bern, Surgery",F2D960B11D344C45947275BB0AACB349
"ISME Equine Clinic, Internal medicine",DCD5A442BFDFE17DE0405C82790C4DE2
Department of Infectious Diseases and Pathobiology (DIP),DCD5A442C1CCE17DE0405C82790C4DE2
Center for Fish and Wildlife Health (FIWI),EF63E0A6302CE755E0405C82960C4424
Institute of Animal Pathology,DCD5A442C072E17DE0405C82790C4DE2
Institute of Parasitology,DCD5A442BFE6E17DE0405C82790C4DE2
Institute of Veterinary Bacteriology,DCD5A442C494E17DE0405C82790C4DE2
Molecular Bacterial Epidemiology and Infectiology,8715bad8-5402-4d61-bc09-d8683701756d
Institute of Virology and Immunology,DCD5A442C0BAE17DE0405C82790C4DE2
Other Institutions,DCD5A442C01CE17DE0405C82790C4DE2
Office of the Dean,DCD5A442C0BFE17DE0405C82790C4DE2
"Emeriti, Vetsuisse Faculty",DCD5A442C41DE17DE0405C82790C4DE2
"Teaching Staff, Vetsuisse Faculty",DCD5A442C102E17DE0405C82790C4DE2
Centers Vetsuisse Faculty,0A8BA6BFC95C4E7881F24CB96A0E89BA
Multidisciplinary Center for Infectious Diseases (MCID),CE297BFCF521474BB2EBFE9800D56E95
Research Foci,6FB3F83D-75B1-4270-A26F-684A59FE4EAF
DermFocus,5A9172F6-045B-4968-A258-DB5E8C60AFB3
Host-Pathogen Interaction,D39A0777-D3DD-4098-A748-93D5EE22815C
NeuroCenter,5465330E-3BBF-4CA5-829C-87DCCA15CE66
Veterinary Public Health / Herd Health Management,7925AE7B-3056-4001-A993-1BDF05981C8F
06 Faculty of Humanities,DCD5A442BD4BE17DE0405C82790C4DE2
Department of Art and Cultural Studies,DCD5A442C17CE17DE0405C82790C4DE2
Institute for the Science of Religion,DCD5A442BEC5E17DE0405C82790C4DE2
Institute of Art History,DCD5A442BD91E17DE0405C82790C4DE2
Ancient and Medieval Art History,DCD5A442BA40E17DE0405C82790C4DE2
Contemporary Art,DCD5A442BA42E17DE0405C82790C4DE2
History of Architecture and Historic Monuments,DCD5A442BA41E17DE0405C82790C4DE2
History of Textiles,DCD5A442C484E17DE0405C82790C4DE2
Recent and Modern Art History,DCD5A442BA3FE17DE0405C82790C4DE2
Institute of Musicology,DCD5A442C57EE17DE0405C82790C4DE2
Institute of Philosophy,DCD5A442BD47E17DE0405C82790C4DE2
History of Philosophy,DCD5A442BF08E17DE0405C82790C4DE2
Practical Philosophy,DCD5A442BF05E17DE0405C82790C4DE2
Theoretical Philosophy,DCD5A442BEC4E17DE0405C82790C4DE2
Institute of Social Anthropology,DCD5A442BD45E17DE0405C82790C4DE2
Institute of Theater Studies,DCD5A442BD90E17DE0405C82790C4DE2
Institut für Studien zum Nahen Osten und zu muslimischen Gesellschaften,DCD5A442BF09E17DE0405C82790C4DE2
Department of History and Archaeology,DCD5A442C17BE17DE0405C82790C4DE2
Institute of Archaeological Sciences,DCD5A442BF03E17DE0405C82790C4DE2
Archaeology of the Mediterranean Region,DCD5A442C54EE17DE0405C82790C4DE2
Archaeology of the Roman Provinces,DCD5A442C369E17DE0405C82790C4DE2
Near Eastern Archaeology,DCD5A442BD0FE17DE0405C82790C4DE2
Pre- and Early History,DCD5A442C291E17DE0405C82790C4DE2
Institute of History,DCD5A442BA43E17DE0405C82790C4DE2
Ancient History and Reception History of the Ancient World,DCD5A442BA7AE17DE0405C82790C4DE2
"Continuing Education Program in Archive, Library and Information Science",DCD5A442C312E17DE0405C82790C4DE2
"Economic, Social and Environmental History",DCD5A442C4BDE17DE0405C82790C4DE2
ViaStoria Center of Transport History,DCD5A442BFACE17DE0405C82790C4DE2
Medieval History,DCD5A442C509E17DE0405C82790C4DE2
Modern and Contemporary History,DCD5A442C2D5E17DE0405C82790C4DE2
Zeitgeschichte,DCD5A442C3E9E17DE0405C82790C4DE2
Recent History,DCD5A442BF8BE17DE0405C82790C4DE2
Swiss History,DCD5A442BA7BE17DE0405C82790C4DE2
"Institute of History, Iberian and Latin American History",DCD5A442C2D2E17DE0405C82790C4DE2
"Institute of History, Modern and Contemporary General and Swiss History",5E940E2EF5D73DD6E053960C5C82CE5D
"Institute of History, Modern and Contemporary History",5E940E2EF5D03DD6E053960C5C82CE5D
Department of Linguistics and Literary Studies,DCD5A442C104E17DE0405C82790C4DE2
Institute of Classical Philology,DCD5A442BF02E17DE0405C82790C4DE2
Institute of English Languages and Literatures,DCD5A442BCBEE17DE0405C82790C4DE2
American Studies,DCD5A442BCC4E17DE0405C82790C4DE2
Literary Theory,DCD5A442C4A9E17DE0405C82790C4DE2
Modern English Linguistics,DCD5A442C420E17DE0405C82790C4DE2
Modern English Literature,DCD5A442BFEBE17DE0405C82790C4DE2
Old English,DCD5A442C1B9E17DE0405C82790C4DE2
Institute of French Language and Literature,DCD5A442C139E17DE0405C82790C4DE2
Linguistic Studies,DCD5A442BD06E17DE0405C82790C4DE2
Literary Studies,DCD5A442BF01E17DE0405C82790C4DE2
Institute of Germanic Languages,DCD5A442BCC5E17DE0405C82790C4DE2
Applied Linguistics and Communication Science,DCD5A442BCC8E17DE0405C82790C4DE2
Forschungsstelle Jeremias Gotthelf,0C9D9C9AB0531601E053960C5C827A6E
German Linguistics,DCD5A442BCC7E17DE0405C82790C4DE2
Modern German Literary Studies,DCD5A442BCC6E17DE0405C82790C4DE2
Old German Language and Literature,DCD5A442BF00E17DE0405C82790C4DE2
Sociolinguistics,DCD5A442C4AAE17DE0405C82790C4DE2
Institute of Italian Language and Literature,DCD5A442C13AE17DE0405C82790C4DE2
Linguistic Studies,DCD5A442BD08E17DE0405C82790C4DE2
Literary Studies,DCD5A442BD07E17DE0405C82790C4DE2
Institute of Linguistics,DCD5A442BCC9E17DE0405C82790C4DE2
Applied Linguistics,DCD5A442BCCAE17DE0405C82790C4DE2
Comparative Linguistics,DCD5A442C4BCE17DE0405C82790C4DE2
Psycholinguistics,DCD5A442C4D0E17DE0405C82790C4DE2
Institute of Slavic Languages and Literatures,DCD5A442C583E17DE0405C82790C4DE2
Institute of Spanish Languages and Literature,DCD5A442C13BE17DE0405C82790C4DE2
Linguistic Studies,DCD5A442BD09E17DE0405C82790C4DE2
Literary Studies,DCD5A442BD05E17DE0405C82790C4DE2
Other Institutions,DCD5A442BF8CE17DE0405C82790C4DE2
Institute of Advanced Study in the Humanities and the Social Sciences (IASH) ,DCD5A442BA3DE17DE0405C82790C4DE2
"Office of the Dean, Faculty of Humanities",DCD5A442BA7DE17DE0405C82790C4DE2
"Teaching Staff, Faculty of Humanities",DCD5A442BA82E17DE0405C82790C4DE2
Walter Benjamin Kolleg (WBKolleg),24E66E30A2533F7DE053960C5C823D30
Interdisciplinary Research and Graduate Network (IRN),25EBB558BA27235CE053960C5C823580
Center for Global Studies (CGS),DCD5A442C2C9E17DE0405C82790C4DE2
Center for the Study of Language and Society (CSLS),DCD5A442C2CAE17DE0405C82790C4DE2
Digital Humanities,01C2B0D086442A13E053960C5C820C9A
07 Faculty of Human Sciences,DCD5A442BD4CE17DE0405C82790C4DE2
Institute of Education,DCD5A442BD4EE17DE0405C82790C4DE2
Educational Psychology,DCD5A442C109E17DE0405C82790C4DE2
General and Historical Educational Science,DCD5A442C108E17DE0405C82790C4DE2
School and Teaching Research,DCD5A442C10BE17DE0405C82790C4DE2
Sociology of Education,DCD5A442C10AE17DE0405C82790C4DE2
Institute of Psychology,DCD5A442BD4DE17DE0405C82790C4DE2
Clinical Psychology and Psychotherapy,DCD5A442BA84E17DE0405C82790C4DE2
Developmental Psychology,DCD5A442C021E17DE0405C82790C4DE2
"Personality Psychology, Differential Psychology and Diagnostics",DCD5A442BE8AE17DE0405C82790C4DE2
Professur für Gesundheitspsychologie (SNF) ,DCD5A442C5B5E17DE0405C82790C4DE2
Work and Organisational Psychology,DCD5A442C22FE17DE0405C82790C4DE2
"Cognitive Psychology, Perception and Methodology",DCD5A442BF8EE17DE0405C82790C4DE2
Biologische Psychologie (SNF) ,DCD5A442C7B2E17DE0405C82790C4DE2
Psychological and Behavioral Health,DCD5A442C08BE17DE0405C82790C4DE2
Psychology of Digitalization,40ADFFA457A742A6BFED481FC01F1927
Social Neuroscience and Social Psychology,DCD5A442C106E17DE0405C82790C4DE2
Weitere Forschungsgruppen,7625F4F8531321C5E053960C5C82D744
Institute of Sport Science (ISPW),DCD5A442BF07E17DE0405C82790C4DE2
Other Institutions,DCD5A442C142E17DE0405C82790C4DE2
"Office of the Dean, Faculty of Human Sciences",DCD5A442C143E17DE0405C82790C4DE2
"Teaching Staff, Faculty of Human Sciences",DCD5A442C023E17DE0405C82790C4DE2
08 Faculty of Science,DCD5A442BD4FE17DE0405C82790C4DE2
Department of Biology,DCD5A442C028E17DE0405C82790C4DE2
Institute of Cell Biology,DCD5A442C578E17DE0405C82790C4DE2
Ciliate,DCD5A442C1E4E17DE0405C82790C4DE2
Drosophila,DCD5A442C44FE17DE0405C82790C4DE2
Malaria,DCD5A442C1E6E17DE0405C82790C4DE2
Mitoch.,DCD5A442C1E8E17DE0405C82790C4DE2
Parasitologie,DCD5A442C1E5E17DE0405C82790C4DE2
RNA,DCD5A442C0F7E17DE0405C82790C4DE2
Institute of Ecology and Evolution (IEE),DCD5A442C150E17DE0405C82790C4DE2
Aquatic Ecology,DCD5A442C44BE17DE0405C82790C4DE2
Behavioural Ecology,DCD5A442C18DE17DE0405C82790C4DE2
Conservation Biology,DCD5A442C683E17DE0405C82790C4DE2
Evolutionary Ecology,DCD5A442C01AE17DE0405C82790C4DE2
Population Genetics,DCD5A442C18CE17DE0405C82790C4DE2
Community Ecology ,DCD5A442C18BE17DE0405C82790C4DE2
Terrestrial Ecology,DCD5A442C18BE17DE0405C82790C4DE2
Theoretical Ecology and Evolution,1E8140FFE67843A2AAC5AE51C71313B8
Institute of Plant Sciences (IPS),DCD5A442C579E17DE0405C82790C4DE2
Biotic Interactions,DCD5A442C222E17DE0405C82790C4DE2
Library Plant Sciences,DCD5A442C2B1E17DE0405C82790C4DE2
Molecular Plant Physiology,DCD5A442C223E17DE0405C82790C4DE2
Palaeoecology,DCD5A442C225E17DE0405C82790C4DE2
Plant Development,DCD5A442C224E17DE0405C82790C4DE2
Plant Ecology,DCD5A442C301E17DE0405C82790C4DE2
Plant nutrition ,9F1595A7-F211-4AF9-8CA5-47DC6082E551
Anoxia / Postanoxia ,5b56ae35-4608-44f9-9924-f39c1a4aef13
Ecological Genomics,DCD5A442C57AE17DE0405C82790C4DE2
Plant Community Ecology,E721B95196D70C55E0405C82960C710C
Plant Epigenetics,2bd827de-b97d-4bfe-9aa0-1ca83abb077d
Stress Physiology ,4e28722d-610a-4663-b1d6-744039334e46
Vegetation Ecology ,46d9ead9-4d4f-47c7-bfbe-602d5b4f8e7d
Vegetation Science ,f33a55a3-8026-4dd5-81ad-12c24e439a34
Bioinformatics and Computational Biology,EFA227295EB30F78E0405C82960C0615
Bioinformatics,DCD5A442C606E17DE0405C82790C4DE2
Computational Biology,E97CA4012CCD72CCE0405C82960C5C9F
Department of Mathematics and Statistics,DCD5A442C024E17DE0405C82790C4DE2
Institute of Mathematical Statistics and Actuarial Science,DCD5A442C025E17DE0405C82790C4DE2
Institute of Mathematics,DCD5A442C148E17DE0405C82790C4DE2
Institute of Applied Physics,DCD5A442BED5E17DE0405C82790C4DE2
Biomedical Photonics,DCD5A442C2BAE17DE0405C82790C4DE2
Lasers,DCD5A442C14CE17DE0405C82790C4DE2
Microwaves,DCD5A442C14BE17DE0405C82790C4DE2
NCCR MUST,1713496E342B5C0EE053960C5C82A3DA
Institute of Astronomy,DCD5A442BE96E17DE0405C82790C4DE2
Institute of Computer Science (INF),DCD5A442C2AFE17DE0405C82790C4DE2
Communication and Distributed Systems (CDS),DCD5A442BE95E17DE0405C82790C4DE2
Computer Graphics Group (CGG),DCD5A442BE92E17DE0405C82790C4DE2
Computer Vision Group (CVG),DCD5A442BE93E17DE0405C82790C4DE2
Logic and Theory Group (LTG),DCD5A442BE75E17DE0405C82790C4DE2
Cognitive Computational Neuroscience (CCN),58acb8fb-6599-41dc-bdf5-a428ba52dc7b
Cryptology and Data Security Group,8B9A811ACB024CD490B9490457047752
Software Composition Group (SCG) ,1f14647d-9200-4c93-894a-2d1dc73b7bed
Institute of Geography,DCD5A442C199E17DE0405C82790C4DE2
Human Geography,DCD5A442C062E17DE0405C82790C4DE2
Unit Cultural Geography,B80D532B-4A90-4D58-BFDE-7B779103CE98
Unit Economic Geography,63A398A9-96C0-4EC5-B6F4-DD637FD07CE7
Unit Political urbanism and sutainable spatial development,5F4A2174-3C1D-4B2F-9060-A8495B62CAEA
NCCR North-South Management Centre ,DCD5A442C2BBE17DE0405C82790C4DE2
Physical Geography,DCD5A442C1D9E17DE0405C82790C4DE2
Unit Biogeochemistry and Paleoclimate,2AC5473E-3859-47E5-8BD4-FAD38272F458
Unit Climatology,1DAD2624-A024-484C-94E5-62A426219AFE
Unit Geomorphology,DAAA0845-9C75-4810-8EBD-FAD3487A79C8
Unit Hydrology,275013BF-8F79-4793-8B40-4F62BB81588B
Unit Impact,B06551A9-2070-4A28-9021-8FBBB0BEA37E
Unit Paleo-Geoecology,91BB2F73-3194-422B-AAAB-B81173FB1D92
Unit Paleolimnology,16DD39FB-79F7-4CC8-BEDA-B3ABE0F30E13
Unit Remote Sensing,C5838B46-72ED-454F-8E8B-C9477BAEEA56
Unit Soil Science,6A671E8D-178F-446A-A14A-E0E53F32CE6E
Unit Geocomputation and Earth Observation,6DD5DCA1-20DD-4AD6-8787-E264A537BBCF
Geographies of Sustainability,DCD5A442C0F6E17DE0405C82790C4DE2
Unit Critical Sustainability Studies (CSS),09D325B7-813E-4064-A5FE-89AB8BC22E55
Unit Land Systems and Sustainable Land Management (LS-SLM),3A7CE363-0E36-4B27-A278-2BB3FE37F92D
Institute of Geological Sciences,DCD5A442C18FE17DE0405C82790C4DE2
Exogenous Geology,DCD5A442C194E17DE0405C82790C4DE2
Isotope Geology,DCD5A442C191E17DE0405C82790C4DE2
Mineralogical Crystallography ,07AC41EB-94AE-4D2A-A9D6-28917B48FCE6
Mineralogy,DCD5A442C05AE17DE0405C82790C4DE2
Petrology,DCD5A442C02AE17DE0405C82790C4DE2
Quaternary Geology,DCD5A442C192E17DE0405C82790C4DE2
Rock-Water Interaction,DCD5A442C193E17DE0405C82790C4DE2
Tectonics,DCD5A442C41FE17DE0405C82790C4DE2
Applied Rock-Water-Interaction,b18d10d6-de41-438a-9d0f-b79abf657b4d
Institute of Theoretical Physics,DCD5A442BE76E17DE0405C82790C4DE2
Other Institutions,DCD5A442C2B0E17DE0405C82790C4DE2
"Emeriti, Faculty of Science",DCD5A442C41AE17DE0405C82790C4DE2
"Office of the Dean, Faculty of Science",DCD5A442C063E17DE0405C82790C4DE2
"Teaching Staff, Faculty of Science",DCD5A442C1E1E17DE0405C82790C4DE2
PAGES Past Global Changes,DCD5A442C2D6E17DE0405C82790C4DE2
Physics Institute,DCD5A442C44AE17DE0405C82790C4DE2
Climate and Environmental Physics,DCD5A442BF29E17DE0405C82790C4DE2
Laboratory for High Energy Physics (LHEP),DCD5A442BE78E17DE0405C82790C4DE2
NCCR PlanetS,F741DD9E19B03C32E043960C5C82F84E
Space Research and Planetary Sciences,DCD5A442BE9BE17DE0405C82790C4DE2
Theoretical Astrophysics and Planetary Science (TAPS),39347D2A205B46358F9F9AAD63FC05AC
"Department of Chemistry, Biochemistry and Pharmaceutical Sciences (DCBP)",DCD5A442C14DE17DE0405C82790C4DE2
NCCR RNA & Disease,F5E8E9FD30280A25E043960C5C823255
School of Biomedical and Precision Engineering (SBPE),DD934D95C0BF4B83A490537E6FA75365
Personalised Medicine,ba4f91cdaf8b445fa0477d0d771268d3
Smart Surgical Instruments and Medical Devices,c186d1a0583a42e99123f251130a1623
09 Interdisciplinary Units,59632390-5894-450E-9AC4-DC13E4636288
Centre for University Continuing Education,DCD5A442C40BE17DE0405C82790C4DE2
Interdisciplinary Centre for Gender Studies (ICFG),DCD5A442BE87E17DE0405C82790C4DE2
Interdisciplinary Centre for General Ecology (IKAÖ),DCD5A442C57DE17DE0405C82790C4DE2
Interfakultäres Zentrum für Bildungsforschung (ICER),D5A7B4F258E64763864588EB8C6D1D25
Zentrum für Bildungsforschung ICER (PHILHUM),A38B712E1F9B437BA333E38F018702E0
Zentrum für Bildungsforschung ICER (WISO),3C20C72883C540D5A24ABD230F64DE03
Microscopy Imaging Center (MIC),5EBDFFD4994748B4B44FD17D5E463CFB
Next Generation Sequencing (NGS) Platform,3A1C87BE67364269B9F920339755C936
10 Strategic Research Centers,DCD5A442BD49E17DE0405C82790C4DE2
Albert Einstein Center for Fundamental Physics (AEC),DCD5A442C6C6E17DE0405C82790C4DE2
"Center for Cognition, Learning and Memory (CCLM)",DCD5A442C6CAE17DE0405C82790C4DE2
Center for Space and Habitability (CSH),DCD5A442C6F2E17DE0405C82790C4DE2
Centre for Development and Environment (CDE),DCD5A442C3D8E17DE0405C82790C4DE2
Oeschger Centre for Climate Change Research (OCCR),DCD5A442C08FE17DE0405C82790C4DE2
NCCR Climate,DCD5A442C4CDE17DE0405C82790C4DE2
MobiLab,5C5FD91F67C34E5690537FBFF5886720
World Trade Institute,DCD5A442BB57E17DE0405C82790C4DE2
ARTORG Center for Biomedical Engineering Research,DCD5A442C258E17DE0405C82790C4DE2
ARTORG Center - AI in Health and Nutrition,DCD5A442C49DE17DE0405C82790C4DE2
ARTORG Center - AI in Medical Imaging Laboratory,62822F8A0D47476EBC8D9ECC5A1D9508
ARTORG Center - Artificial Kidney Research,DCD5A442C49AE17DE0405C82790C4DE2
ARTORG Center - Cardiovascular Engineering (CVE),DE7C6E88B44384ADE0405C82960C5EAC
ARTORG Center - Cardiovascular Engineering (Blood Vessel),DCD5A442C496E17DE0405C82790C4DE2
ARTORG Center - Cardiovascular Engineering (Heart),DCD5A442C499E17DE0405C82790C4DE2
ARTORG Center - Computational Bioengineering,8186dced-82da-4a85-b859-a7516af4b147
ARTORG Center - Gerontechnology and Rehabilitation,DCD5A442C49BE17DE0405C82790C4DE2
ARTORG Center - Hearing Research Laboratory,DCD5A442C497E17DE0405C82790C4DE2
ARTORG Center - Image Guided Therapy,DCD5A442C49FE17DE0405C82790C4DE2
ARTORG Center - Ophthalmic Technology Lab,DCD5A442C498E17DE0405C82790C4DE2
ARTORG Center - Lung Regeneration Technologies,DCD5A442C49CE17DE0405C82790C4DE2
ARTORG Center - Medical Image Analysis,88a91167-0ca3-41bf-ab74-8ad4e9eb9bdf
ARTORG Center - Motor Learning and Neurorehabilitation,65ff338d-0cc1-46c4-a94e-f29dea133e20
ARTORG Center - Musculoskeletal Biomechanics,D7AF601F59994366806EA9DF347DE794
ARTORG Center - Organs-on Chip Technologies,F27C7844CC474572ABE9166247C31CE9
ARTORG Center - Urogenital Engineering,6ad9811c-503e-4922-9813-61374c85137c
Wyss Academy for Nature,4226CC01465F4AD0BCAB14E866468E38
Climate Change Scenarios (CCSN),330A23334C7D4FB4B51ABDD8EE5B8817
11 Centers of Competence,592DE48B-AF00-4958-A1FF-0B5E868CE484
Center for Regional Economic Development (CRED),DCD5A442C77BE17DE0405C82790C4DE2
KPM Center for Public Management,DCD5A442BAC4E17DE0405C82790C4DE2
12 Faculty Centers,979CBF32-60F0-4A04-BBB3-951F3B5DD04E
Center for Cultural Studies (CCS),DCD5A442C28DE17DE0405C82790C4DE2
13 Central Units,DCD5A442BBAFE17DE0405C82790C4DE2
Administrative Director's Office,DCD5A442BA5EE17DE0405C82790C4DE2
Financial Accounting Section,DCD5A442BC45E17DE0405C82790C4DE2
IT Section,DCD5A442BA18E17DE0405C82790C4DE2
Personnel Section,DCD5A442C0E3E17DE0405C82790C4DE2
University Library of Bern,DCD5A442BBB1E17DE0405C82790C4DE2
"University Library of Bern, Operations",DCD5A442BF1FE17DE0405C82790C4DE2
Service Center Open Science,D162CE0F7CA640AFB6DA01210BE1357F
Libraries,DCD5A442C32EE17DE0405C82790C4DE2
Human and Social Sciences Section,DCD5A442BD28E17DE0405C82790C4DE2
vonRoll Library,DCD5A442C370E17DE0405C82790C4DE2
Medicine and Natural Sciences Section,DCD5A442BEC8E17DE0405C82790C4DE2
Exact Sciences,DCD5A442C0AEE17DE0405C82790C4DE2
Botanical Garden,DCD5A442BFA6E17DE0405C82790C4DE2
General Secretariat,DCD5A442BCF3E17DE0405C82790C4DE2
General Secretariat,DCD5A442BFE7E17DE0405C82790C4DE2
Services of the Rector's Office,DCD5A442BA5DE17DE0405C82790C4DE2
Collegium generale (CG),DCD5A442BD80E17DE0405C82790C4DE2
Communication Office,DCD5A442C203E17DE0405C82790C4DE2
Forum für Universität und Gesellschaft,DCD5A442BD82E17DE0405C82790C4DE2
Rector's Office,DCD5A442C213E17DE0405C82790C4DE2
Staff of the University Board of Directors,DCD5A442BA11E17DE0405C82790C4DE2
Vice-Rectorate Quality,DCD5A442C6B5E17DE0405C82790C4DE2
Office for Gender Equality,DCD5A442BA15E17DE0405C82790C4DE2
External Organisations,398668bb-efc1-4550-8487-f04b2f6ec35a
Archaeological Service of the Canton of Berne,a4f6049f-e733-47ca-8b36-2763caa623de
Swiss Centre of Expertise in Human Rights (SCHR),36337fd7-2a92-4f97-9661-d1151f5c1a38
Swiss open-air museum Ballenberg,6a21d59b-80f3-4c72-adf5-c104e6e6b9ae
The Guild of European Research-Intensive Universities,76652e1a-efe9-4166-8a77-0fb869172da9
